[{"id":"6282136086450@s.whatsapp.net","name":"danzz","umur":"16"},{"id":"6282136086450@s.whatsapp.net","name":"Danzz","umur":"16","gender":"Cowo"},{"id":"6282136086450@s.whatsapp.net","name":"Danzz","umur":"16","gender":"Cowo","resi":"86F033EDBB","registerOn":"Thursday, 10 November 2022"},{"id":"6282193252764@s.whatsapp.net","name":"dani","umur":"16"},{"id":"6282193252764@s.whatsapp.net","name":"Danzz","umur":"16","gender":"Cowo"},{"id":"6282193252764@s.whatsapp.net","name":"Danzz","umur":"16","gender":"Cowo","resi":"980903AEB2","registerOn":"Thursday, 10 November 2022"},{"id":"6282193252764@s.whatsapp.net","name":"devi","umur":"20"},{"id":"6282193252764@s.whatsapp.net","name":"Devi","umur":"20","gender":"Wanita"},{"id":"6282193252764@s.whatsapp.net","name":"Devi","umur":"20","gender":"Wanita","resi":"5C6C05F151","registerOn":"Thursday, 10 November 2022"}]